{
    "name": "root",
    "gauges": {
        "Ball.Policy.Entropy.mean": {
            "value": 1.2114564180374146,
            "min": 1.2114564180374146,
            "max": 1.4311796426773071,
            "count": 17
        },
        "Ball.Policy.Entropy.sum": {
            "value": 12125.466796875,
            "min": 12125.466796875,
            "max": 14328.970703125,
            "count": 17
        },
        "Ball.Environment.EpisodeLength.mean": {
            "value": 24.085213032581454,
            "min": 15.088566827697262,
            "max": 31.79016393442623,
            "count": 17
        },
        "Ball.Environment.EpisodeLength.sum": {
            "value": 9610.0,
            "min": 9369.0,
            "max": 9696.0,
            "count": 17
        },
        "Ball.Step.mean": {
            "value": 169989.0,
            "min": 9996.0,
            "max": 169989.0,
            "count": 17
        },
        "Ball.Step.sum": {
            "value": 169989.0,
            "min": 9996.0,
            "max": 169989.0,
            "count": 17
        },
        "Ball.Policy.ExtrinsicValueEstimate.mean": {
            "value": 0.5236931443214417,
            "min": 0.01163750421255827,
            "max": 0.5236931443214417,
            "count": 17
        },
        "Ball.Policy.ExtrinsicValueEstimate.sum": {
            "value": 221.52220153808594,
            "min": 4.876114368438721,
            "max": 221.52220153808594,
            "count": 17
        },
        "Ball.Environment.CumulativeReward.mean": {
            "value": 0.5934733386830728,
            "min": 0.0070521329444917765,
            "max": 0.6056759940999511,
            "count": 17
        },
        "Ball.Environment.CumulativeReward.sum": {
            "value": 236.79586213454604,
            "min": 2.7926446460187435,
            "max": 236.79586213454604,
            "count": 17
        },
        "Ball.Policy.ExtrinsicReward.mean": {
            "value": 0.5934733386830728,
            "min": 0.0070521329444917765,
            "max": 0.6056759940999511,
            "count": 17
        },
        "Ball.Policy.ExtrinsicReward.sum": {
            "value": 236.79586213454604,
            "min": 2.7926446460187435,
            "max": 236.79586213454604,
            "count": 17
        },
        "Ball.Losses.PolicyLoss.mean": {
            "value": 0.24878227533163727,
            "min": 0.23945935502819543,
            "max": 0.24938534385430294,
            "count": 17
        },
        "Ball.Losses.PolicyLoss.sum": {
            "value": 21.14649340318917,
            "min": 19.641353715619783,
            "max": 21.830124658227376,
            "count": 17
        },
        "Ball.Losses.ValueLoss.mean": {
            "value": 0.018400575801527385,
            "min": 0.0029017639726027895,
            "max": 0.01871217616248001,
            "count": 17
        },
        "Ball.Losses.ValueLoss.sum": {
            "value": 1.5640489431298277,
            "min": 0.26115875753425105,
            "max": 1.6092471499732808,
            "count": 17
        },
        "Ball.Policy.LearningRate.mean": {
            "value": 0.00020096156948340945,
            "min": 0.00020096156948340945,
            "max": 0.00029697797747792935,
            "count": 17
        },
        "Ball.Policy.LearningRate.sum": {
            "value": 0.017081733406089802,
            "min": 0.017081733406089802,
            "max": 0.025895447068184398,
            "count": 17
        },
        "Ball.Policy.Epsilon.mean": {
            "value": 0.16698717882352943,
            "min": 0.16698717882352943,
            "max": 0.19899265882352943,
            "count": 17
        },
        "Ball.Policy.Epsilon.sum": {
            "value": 14.193910200000001,
            "min": 14.185727,
            "max": 17.5501052,
            "count": 17
        },
        "Ball.Policy.Beta.mean": {
            "value": 0.0003382371762352941,
            "min": 0.0003382371762352941,
            "max": 0.0004950640282352941,
            "count": 17
        },
        "Ball.Policy.Beta.sum": {
            "value": 0.028750159980000002,
            "min": 0.028750159980000002,
            "max": 0.04318589644,
            "count": 17
        },
        "Ball.IsTraining.mean": {
            "value": 1.0,
            "min": 1.0,
            "max": 1.0,
            "count": 17
        },
        "Ball.IsTraining.sum": {
            "value": 1.0,
            "min": 1.0,
            "max": 1.0,
            "count": 17
        }
    },
    "metadata": {
        "timer_format_version": "0.1.0",
        "start_time_seconds": "1659218409",
        "python_version": "3.7.12 | packaged by conda-forge | (default, Oct 26 2021, 05:35:01) [MSC v.1916 64 bit (AMD64)]",
        "command_line_arguments": "C:\\Users\\tkore\\anaconda3\\envs\\ml-agents\\Scripts\\mlagents-learn ball_config.yaml --force",
        "mlagents_version": "0.26.0",
        "mlagents_envs_version": "0.26.0",
        "communication_protocol_version": "1.5.0",
        "pytorch_version": "1.7.1+cu110",
        "numpy_version": "1.21.6",
        "end_time_seconds": "1659220284"
    },
    "total": 1874.8242074,
    "count": 1,
    "self": 0.004979600000069695,
    "children": {
        "run_training.setup": {
            "total": 0.10969849999999992,
            "count": 1,
            "self": 0.10969849999999992
        },
        "TrainerController.start_learning": {
            "total": 1874.7095293,
            "count": 1,
            "self": 2.8769852000327774,
            "children": {
                "TrainerController._reset_env": {
                    "total": 11.017920700000001,
                    "count": 1,
                    "self": 11.017920700000001
                },
                "TrainerController.advance": {
                    "total": 1860.7422027999673,
                    "count": 182376,
                    "self": 2.9398640998988412,
                    "children": {
                        "env_step": {
                            "total": 1452.3768553000054,
                            "count": 182376,
                            "self": 1134.2280750000082,
                            "children": {
                                "SubprocessEnvManager._take_step": {
                                    "total": 316.39197430000286,
                                    "count": 182376,
                                    "self": 8.171401099988998,
                                    "children": {
                                        "TorchPolicy.evaluate": {
                                            "total": 308.22057320001386,
                                            "count": 175142,
                                            "self": 186.94441189998372,
                                            "children": {
                                                "TorchPolicy.sample_actions": {
                                                    "total": 121.27616130003014,
                                                    "count": 175142,
                                                    "self": 121.27616130003014
                                                }
                                            }
                                        }
                                    }
                                },
                                "workers": {
                                    "total": 1.7568059999944907,
                                    "count": 182375,
                                    "self": 0.0,
                                    "children": {
                                        "worker_root": {
                                            "total": 1860.8790295999952,