{
    "name": "root",
    "gauges": {
        "Ball.Policy.Entropy.mean": {
            "value": 1.634763240814209,
            "min": 1.4650546312332153,
            "max": 1.634763240814209,
            "count": 4
        },
        "Ball.Policy.Entropy.sum": {
            "value": 16355.806640625,
            "min": 14685.7080078125,
            "max": 16355.806640625,
            "count": 4
        },
        "Ball.Environment.EpisodeLength.mean": {
            "value": 11.246022031823745,
            "min": 11.197802197802197,
            "max": 13.29957203994294,
            "count": 4
        },
        "Ball.Environment.EpisodeLength.sum": {
            "value": 9188.0,
            "min": 9171.0,
            "max": 9323.0,
            "count": 4
        },
        "Ball.Step.mean": {
            "value": 39990.0,
            "min": 9992.0,
            "max": 39990.0,
            "count": 4
        },
        "Ball.Step.sum": {
            "value": 39990.0,
            "min": 9992.0,
            "max": 39990.0,
            "count": 4
        },
        "Ball.Policy.ExtrinsicValueEstimate.mean": {
            "value": 144.75399780273438,
            "min": -763.4862670898438,
            "max": 588.165771484375,
            "count": 4
        },
        "Ball.Policy.ExtrinsicValueEstimate.sum": {
            "value": 118264.015625,
            "min": -535967.375,
            "max": 481707.75,
            "count": 4
        },
        "Ball.Environment.CumulativeReward.mean": {
            "value": 0.0010403917060487857,
            "min": 0.0,
            "max": 0.015357143027441842,
            "count": 4
        },
        "Ball.Environment.CumulativeReward.sum": {
            "value": 0.8500000238418579,
            "min": 0.0,
            "max": 10.75000011920929,
            "count": 4
        },
        "Ball.Policy.ExtrinsicReward.mean": {
            "value": 0.0010403917060487857,
            "min": 0.0,
            "max": 0.015357143027441842,
            "count": 4
        },
        "Ball.Policy.ExtrinsicReward.sum": {
            "value": 0.8500000238418579,
            "min": 0.0,
            "max": 10.75000011920929,
            "count": 4
        },
        "Ball.Losses.PolicyLoss.mean": {
            "value": 0.2799665063334674,
            "min": 0.2799665063334674,
            "max": 0.32826321409787784,
            "count": 4
        },
        "Ball.Losses.PolicyLoss.sum": {
            "value": 25.756918582679003,
            "min": 25.756918582679003,
            "max": 30.52847891110264,
            "count": 4
        },
        "Ball.Losses.ValueLoss.mean": {
            "value": 11152265.407831158,
            "min": 11152265.407831158,
            "max": 59089663.382751964,
            "count": 4
        },
        "Ball.Losses.ValueLoss.sum": {
            "value": 1026008417.5204666,
            "min": 1026008417.5204666,
            "max": 5318069704.447677,
            "count": 4
        },
        "Ball.Policy.LearningRate.mean": {
            "value": 0.0002789689700538239,
            "min": 0.0002789689700538239,
            "max": 0.00029696471434509554,
            "count": 4
        },
        "Ball.Policy.LearningRate.sum": {
            "value": 0.025665145244951795,
            "min": 0.025665145244951795,
            "max": 0.027061604079465396,
            "count": 4
        },
        "Ball.Policy.Epsilon.mean": {
            "value": 0.19298965434782606,
            "min": 0.19298965434782606,
            "max": 0.19898823777777783,
            "count": 4
        },
        "Ball.Policy.Epsilon.sum": {
            "value": 17.755048199999997,
            "min": 17.755048199999997,
            "max": 18.320534600000002,
            "count": 4
        },
        "Ball.Policy.Beta.mean": {
            "value": 0.00046564930630434777,
            "min": 0.00046564930630434777,
            "max": 0.0004950423651111111,
            "count": 4
        },
        "Ball.Policy.Beta.sum": {
            "value": 0.04283973618,
            "min": 0.04283973618,
            "max": 0.04513061954000001,
            "count": 4
        },
        "Ball.IsTraining.mean": {
            "value": 1.0,
            "min": 1.0,
            "max": 1.0,
            "count": 4
        },
        "Ball.IsTraining.sum": {
            "value": 1.0,
            "min": 1.0,
            "max": 1.0,
            "count": 4
        }
    },
    "metadata": {
        "timer_format_version": "0.1.0",
        "start_time_seconds": "1659385344",
        "python_version": "3.7.12 | packaged by conda-forge | (default, Oct 26 2021, 05:35:01) [MSC v.1916 64 bit (AMD64)]",
        "command_line_arguments": "C:\\Users\\tkore\\anaconda3\\envs\\ml-agents\\Scripts\\mlagents-learn ball_config.yaml --force",
        "mlagents_version": "0.26.0",
        "mlagents_envs_version": "0.26.0",
        "communication_protocol_version": "1.5.0",
        "pytorch_version": "1.7.1+cu110",
        "numpy_version": "1.21.6",
        "end_time_seconds": "1659385629"
    },
    "total": 284.68918210000004,
    "count": 1,
    "self": 0.0057413000000110515,
    "children": {
        "run_training.setup": {
            "total": 0.06714780000000009,
            "count": 1,
            "self": 0.06714780000000009
        },
        "TrainerController.start_learning": {
            "total": 284.61629300000004,
            "count": 1,
            "self": 0.6856250000010959,
            "children": {
                "TrainerController._reset_env": {
                    "total": 9.6630358,
                    "count": 1,
                    "self": 9.6630358
                },
                "TrainerController.advance": {
                    "total": 274.196970599999,
                    "count": 43300,
                    "self": 0.6955912000008198,
                    "children": {
                        "env_step": {
                            "total": 198.3183418999987,
                            "count": 43300,
                            "self": 148.11597750000058,
                            "children": {
                                "SubprocessEnvManager._take_step": {
                                    "total": 49.79111710000073,
                                    "count": 43300,
                                    "self": 1.8001110999985457,
                                    "children": {
                                        "TorchPolicy.evaluate": {
                                            "total": 47.99100600000219,
                                            "count": 40482,
                                            "self": 20.751571700004234,
                                            "children": {
                                                "TorchPolicy.sample_actions": {
                                                    "total": 27.239434299997953,
                                                    "count": 40482,
                                                    "self": 27.239434299997953
                                                }
                                            }
                                        }
                                    }
                                },
                                "workers": {
                                    "total": 0.41124729999738996,
                                    "count": 43299,
                                    "self": 0.0,
                                    "children": {
                                        "worker_root": {
                                            "total": 274.9970106000021,
                                            "count": 43299,
                                            "is_parallel": true,