{
    "name": "root",
    "gauges": {
        "Ball.Policy.Entropy.mean": {
            "value": 0.9138414263725281,
            "min": 0.9138414263725281,
            "max": 1.41044282913208,
            "count": 18
        },
        "Ball.Policy.Entropy.sum": {
            "value": 9139.328125,
            "min": 9139.328125,
            "max": 14170.71875,
            "count": 18
        },
        "Ball.Step.mean": {
            "value": 179992.0,
            "min": 9983.0,
            "max": 179992.0,
            "count": 18
        },
        "Ball.Step.sum": {
            "value": 179992.0,
            "min": 9983.0,
            "max": 179992.0,
            "count": 18
        },
        "Ball.Policy.ExtrinsicValueEstimate.mean": {
            "value": 0.843716025352478,
            "min": 0.12059110403060913,
            "max": 0.843716025352478,
            "count": 18
        },
        "Ball.Policy.ExtrinsicValueEstimate.sum": {
            "value": 800.6865234375,
            "min": 32.92137145996094,
            "max": 800.6865234375,
            "count": 18
        },
        "Ball.Environment.EpisodeLength.mean": {
            "value": 9.54957805907173,
            "min": 9.539515279241307,
            "max": 43.566964285714285,
            "count": 18
        },
        "Ball.Environment.EpisodeLength.sum": {
            "value": 9053.0,
            "min": 9053.0,
            "max": 9804.0,
            "count": 18
        },
        "Ball.Environment.CumulativeReward.mean": {
            "value": 0.8916854208201673,
            "min": 0.13411157890888198,
            "max": 0.8972656212614051,
            "count": 18
        },
        "Ball.Environment.CumulativeReward.sum": {
            "value": 845.3177789375186,
            "min": 30.04099367558956,
            "max": 845.3177789375186,
            "count": 18
        },
        "Ball.Policy.ExtrinsicReward.mean": {
            "value": 0.8916854208201673,
            "min": 0.13411157890888198,
            "max": 0.8972656212614051,
            "count": 18
        },
        "Ball.Policy.ExtrinsicReward.sum": {
            "value": 845.3177789375186,
            "min": 30.04099367558956,
            "max": 845.3177789375186,
            "count": 18
        },
        "Ball.Losses.PolicyLoss.mean": {
            "value": 0.2436834642630859,
            "min": 0.23534310103708544,
            "max": 0.2455811426178889,
            "count": 18
        },
        "Ball.Losses.PolicyLoss.sum": {
            "value": 22.906245640730074,
            "min": 19.344752622428135,
            "max": 23.04088080944326,
            "count": 18
        },
        "Ball.Losses.ValueLoss.mean": {
            "value": 0.004551787796794785,
            "min": 0.004492365211703482,
            "max": 0.04514582130845281,
            "count": 18
        },
        "Ball.Losses.ValueLoss.sum": {
            "value": 0.4278680528987098,
            "min": 0.41778996468842383,
            "max": 3.611665704676225,
            "count": 18
        },
        "Ball.Policy.LearningRate.mean": {
            "value": 0.0001950216988225659,
            "min": 0.0001950216988225659,
            "max": 0.0002969414485195175,
            "count": 18
        },
        "Ball.Policy.LearningRate.sum": {
            "value": 0.018332039689321195,
            "min": 0.018332039689321195,
            "max": 0.024571439609520396,
            "count": 18
        },
        "Ball.Policy.Epsilon.mean": {
            "value": 0.16500722127659576,
            "min": 0.16500722127659576,
            "max": 0.19898048250000003,
            "count": 18
        },
        "Ball.Policy.Epsilon.sum": {
            "value": 15.5106788,
            "min": 15.5106788,
            "max": 17.204838,
            "count": 18
        },
        "Ball.Policy.Beta.mean": {
            "value": 0.00032853538425531916,
            "min": 0.00032853538425531916,
            "max": 0.00049500436425,
            "count": 18
        },
        "Ball.Policy.Beta.sum": {
            "value": 0.03088232612,
            "min": 0.03088232612,
            "max": 0.04103335004,
            "count": 18
        },
        "Ball.IsTraining.mean": {
            "value": 1.0,
            "min": 1.0,
            "max": 1.0,
            "count": 18
        },
        "Ball.IsTraining.sum": {
            "value": 1.0,
            "min": 1.0,
            "max": 1.0,
            "count": 18
        }
    },
    "metadata": {
        "timer_format_version": "0.1.0",
        "start_time_seconds": "1659388671",
        "python_version": "3.7.12 | packaged by conda-forge | (default, Oct 26 2021, 05:35:01) [MSC v.1916 64 bit (AMD64)]",
        "command_line_arguments": "C:\\Users\\tkore\\anaconda3\\envs\\ml-agents\\Scripts\\mlagents-learn ball_config.yaml --force",
        "mlagents_version": "0.26.0",
        "mlagents_envs_version": "0.26.0",
        "communication_protocol_version": "1.5.0",
        "pytorch_version": "1.7.1+cu110",
        "numpy_version": "1.21.6",
        "end_time_seconds": "1659389935"
    },
    "total": 1263.953046,
    "count": 1,
    "self": 0.0048580000000129075,
    "children": {
        "run_training.setup": {
            "total": 0.06571159999999998,
            "count": 1,
            "self": 0.06571159999999998
        },
        "TrainerController.start_learning": {
            "total": 1263.8824764,
            "count": 1,
            "self": 3.0721524999869416,
            "children": {
                "TrainerController._reset_env": {
                    "total": 6.911910100000001,
                    "count": 1,
                    "self": 6.911910100000001
                },
                "TrainerController.advance": {
                    "total": 1253.834966200013,
                    "count": 199256,
                    "self": 3.052835700021433,
                    "children": {
                        "env_step": {
                            "total": 906.4392521999706,
                            "count": 199256,
                            "self": 673.1310082999616,
                            "children": {
                                "SubprocessEnvManager._take_step": {
                                    "total": 231.47351279999418,
                                    "count": 199256,
                                    "self": 8.183755899975779,
                                    "children": {
                                        "TorchPolicy.evaluate": {
                                            "total": 223.2897569000184,
                                            "count": 187339,
                                            "self": 96.74407580003081,
                                            "children": {
                                                "TorchPolicy.sample_actions": {
                                                    "total": 126.54568109998759,
                                                    "count": 187339,
                                                    "self": 126.54568109998759
                                                }
                                            }
                                        }
                                    }
                                },
                                "workers": {
                                    "total": 1.8347311000147535,
                                    "count": 199255,
                                    "self": 0.0,
                                    "children": {
                                        "worker_root": {
                                            "total": 1254.033925200018,
                                            "count": 199255,